Flair,Character,Score
Media,ganyu,31568
Fluff / Meme,ganyu,30962
Media (OC),ganyu,30678
Media (OC),amber,30678
Media,bennett,27969
OC,kaeya,27984
OC,diluc,27984
OC,jean,27984
Media,keqing,24446
OC,amber,24113
OC,ganyu,22692
Media,albedo,22563
Media,noelle,21333
OC,beidou,20856
Media,bennett,20835
Media,razor,20170
Media,ganyu,20064
Media,ganyu,19606
OC,sucrose,18705
Fluff / Meme,diluc,18244
OC,klee,17504
Media,zhongli,17306
OC,klee,17234
OC,ningguang,16782
OC,keqing,16354
Media,amber,16339
Official Media,diona,16285
OC,diluc,16087
OC,ganyu,16107
OC,klee,15878
OC,ganyu,15862
OC,beidou,15712
Media,albedo,15553
OC,ganyu,15494
Media,diluc,15444
OC,klee,15355
Media,qiqi,15219
Fluff / Meme,mona,15107
OC,mona,15048
Media,chongyun,14903
